{
"lengthUnit": "mil",
"components": {
	"fields": ["COMPONENT_NO", "COMPONENT_NAME", "LAYER", "X_COORDINATE", "Y_COORDINATE", "ANGLE"],
	"rows": [
		[1, "BT1", "T", -755, 760, 270],
		[2, "BT2", "B", -755, 760, 270],
		[3, "C1", "T", -660.25, 2640, 0],
		[4, "D1", "T", -1454.85, 2496.14, 0],
		[5, "D2", "T", -660.25, 2965, 0],
		[6, "D3", "T", 144.28, 2496.14, 0],
		[7, "D4", "T", -1105, 3547.09, 0],
		[8, "D5", "T", -660.25, 3790, 0],
		[9, "D6", "T", -200, 3547.09, 0],
		[10, "D7", "T", -660.24, 4225, 0],
		[11, "D8", "T", -1075, 4405, 0],
		[12, "D9", "T", -235, 4405.01, 0],
		[13, "D10", "T", -660.24, 4615, 0],
		[14, "D11", "T", -655, 5610, 0],
		[15, "R1", "T", -430, 1737.64, 90],
		[16, "R2", "T", -660.25, 4995, 0],
		[17, "R3", "T", -240, 2235, 270],
		[18, "S1", "T", -145, 815, 90],
		[19, "U1", "T", -704.96, 1784.49, 0],
		[20, "U2", "T", -745, 2230, 0]
	]
},
"pins": {
	"fields": ["PIN_NO", "PIN_NAME", "PIN_X", "PIN_Y", "LAYER", "PIN_TYPE", "NET_NAME", "NET_TYPE", "PAD_SHAPE", "PAD_SIZEX", "PAD_SIZEY", "HOLE_SIZE", "PAD_ANGLE"],
	"rows": [
		[1, "BT1_N", -755, 760, "T", "SMD", "GND", "GND", "P", 905.51, 905.52, 0, 90],
		[2, "BT1_P1", -755, 1362.36, "T", "SMD", "BT1_P1", "", "R", 244.09, 236.22, 0, 270],
		[3, "BT1_P2", -755, 157.64, "T", "SMD", "BT1_P1", "", "R", 244.09, 236.22, 0, 270],
		[4, "BT2_N", -755, 760, "B", "SMD", "BT1_P1", "", "P", 905.51, 905.52, 0, 90],
		[5, "BT2_P1", -755, 1362.36, "B", "SMD", "S1_2", "", "R", 244.09, 236.22, 0, 90],
		[6, "BT2_P2", -755, 157.64, "B", "SMD", "S1_2", "", "R", 244.09, 236.22, 0, 90],
		[7, "C1_1", -699.62, 2640, "T", "DIP", "C1_1", "", "C", 51.18, 51.18, 31.5, 0],
		[8, "C1_1", -699.62, 2640, "B", "DIP", "C1_1", "", "C", 51.18, 51.18, 31.5, 0],
		[9, "C1_2", -620.88, 2640, "T", "DIP", "GND", "GND", "C", 51.18, 51.18, 31.5, 0],
		[10, "C1_2", -620.88, 2640, "B", "DIP", "GND", "GND", "C", 51.18, 51.18, 31.5, 0],
		[11, "D1_1", -1554.85, 2496.14, "T", "DIP", "U2_3", "", "C", 86.61, 86.61, 62.99, 0],
		[12, "D1_1", -1554.85, 2496.14, "B", "DIP", "U2_3", "", "C", 86.61, 86.61, 62.99, 0],
		[13, "D1_2", -1354.85, 2496.14, "T", "DIP", "D1_2", "", "C", 86.61, 86.61, 62.99, 0],
		[14, "D1_2", -1354.85, 2496.14, "B", "DIP", "D1_2", "", "C", 86.61, 86.61, 62.99, 0],
		[15, "D2_1", -760.25, 2965, "T", "DIP", "U2_2", "", "C", 86.61, 86.61, 62.99, 0],
		[16, "D2_1", -760.25, 2965, "B", "DIP", "U2_2", "", "C", 86.61, 86.61, 62.99, 0],
		[17, "D2_2", -560.25, 2965, "T", "DIP", "D1_2", "", "C", 86.61, 86.61, 62.99, 0],
		[18, "D2_2", -560.25, 2965, "B", "DIP", "D1_2", "", "C", 86.61, 86.61, 62.99, 0],
		[19, "D3_1", 44.28, 2496.14, "T", "DIP", "U2_4", "", "C", 86.61, 86.61, 62.99, 0],
		[20, "D3_1", 44.28, 2496.14, "B", "DIP", "U2_4", "", "C", 86.61, 86.61, 62.99, 0],
		[21, "D3_2", 244.28, 2496.14, "T", "DIP", "D1_2", "", "C", 86.61, 86.61, 62.99, 0],
		[22, "D3_2", 244.28, 2496.14, "B", "DIP", "D1_2", "", "C", 86.61, 86.61, 62.99, 0],
		[23, "D4_1", -1205, 3547.08, "T", "DIP", "U2_7", "", "C", 86.61, 86.61, 62.99, 0],
		[24, "D4_1", -1205, 3547.08, "B", "DIP", "U2_7", "", "C", 86.61, 86.61, 62.99, 0],
		[25, "D4_2", -1005, 3547.08, "T", "DIP", "D1_2", "", "C", 86.61, 86.61, 62.99, 0],
		[26, "D4_2", -1005, 3547.08, "B", "DIP", "D1_2", "", "C", 86.61, 86.61, 62.99, 0],
		[27, "D5_1", -760.25, 3790, "T", "DIP", "U2_10", "", "C", 86.61, 86.61, 62.99, 0],
		[28, "D5_1", -760.25, 3790, "B", "DIP", "U2_10", "", "C", 86.61, 86.61, 62.99, 0],
		[29, "D5_2", -560.25, 3790, "T", "DIP", "D1_2", "", "C", 86.61, 86.61, 62.99, 0],
		[30, "D5_2", -560.25, 3790, "B", "DIP", "D1_2", "", "C", 86.61, 86.61, 62.99, 0],
		[31, "D6_1", -300, 3547.08, "T", "DIP", "U2_1", "", "C", 86.61, 86.61, 62.99, 0],
		[32, "D6_1", -300, 3547.08, "B", "DIP", "U2_1", "", "C", 86.61, 86.61, 62.99, 0],
		[33, "D6_2", -100, 3547.08, "T", "DIP", "D1_2", "", "C", 86.61, 86.61, 62.99, 0],
		[34, "D6_2", -100, 3547.08, "B", "DIP", "D1_2", "", "C", 86.61, 86.61, 62.99, 0],
		[35, "D7_1", -760.23, 4225, "T", "DIP", "U2_5", "", "C", 86.61, 86.61, 62.99, 0],
		[36, "D7_1", -760.23, 4225, "B", "DIP", "U2_5", "", "C", 86.61, 86.61, 62.99, 0],
		[37, "D7_2", -560.23, 4225, "T", "DIP", "D1_2", "", "C", 86.61, 86.61, 62.99, 0],
		[38, "D7_2", -560.23, 4225, "B", "DIP", "D1_2", "", "C", 86.61, 86.61, 62.99, 0],
		[39, "D8_1", -1175, 4405, "T", "DIP", "U2_6", "", "C", 86.61, 86.61, 62.99, 0],
		[40, "D8_1", -1175, 4405, "B", "DIP", "U2_6", "", "C", 86.61, 86.61, 62.99, 0],
		[41, "D8_2", -975, 4405, "T", "DIP", "D1_2", "", "C", 86.61, 86.61, 62.99, 0],
		[42, "D8_2", -975, 4405, "B", "DIP", "D1_2", "", "C", 86.61, 86.61, 62.99, 0],
		[43, "D9_1", -335, 4405, "T", "DIP", "U2_9", "", "C", 86.61, 86.61, 62.99, 0],
		[44, "D9_1", -335, 4405, "B", "DIP", "U2_9", "", "C", 86.61, 86.61, 62.99, 0],
		[45, "D9_2", -135, 4405, "T", "DIP", "D1_2", "", "C", 86.61, 86.61, 62.99, 0],
		[46, "D9_2", -135, 4405, "B", "DIP", "D1_2", "", "C", 86.61, 86.61, 62.99, 0],
		[47, "D10_1", -760.23, 4615, "T", "DIP", "U2_11", "", "C", 86.61, 86.61, 62.99, 0],
		[48, "D10_1", -760.23, 4615, "B", "DIP", "U2_11", "", "C", 86.61, 86.61, 62.99, 0],
		[49, "D10_2", -560.23, 4615, "T", "DIP", "D1_2", "", "C", 86.61, 86.61, 62.99, 0],
		[50, "D10_2", -560.23, 4615, "B", "DIP", "D1_2", "", "C", 86.61, 86.61, 62.99, 0],
		[51, "D11_1", -755, 5610, "T", "DIP", "D11_1", "", "C", 86.61, 86.61, 62.99, 0],
		[52, "D11_1", -755, 5610, "B", "DIP", "D11_1", "", "C", 86.61, 86.61, 62.99, 0],
		[53, "D11_2", -555, 5610, "T", "DIP", "GND", "GND", "C", 86.61, 86.61, 62.99, 0],
		[54, "D11_2", -555, 5610, "B", "DIP", "GND", "GND", "C", 86.61, 86.61, 62.99, 0],
		[55, "R1_1", -430, 1540.79, "T", "DIP", "C1_1", "", "C", 62.99, 62.99, 31.5, 90],
		[56, "R1_1", -430, 1540.79, "B", "DIP", "C1_1", "", "C", 62.99, 62.99, 31.5, 90],
		[57, "R1_2", -430, 1934.49, "T", "DIP", "U2_14", "", "C", 62.99, 62.99, 31.5, 270],
		[58, "R1_2", -430, 1934.49, "B", "DIP", "U2_14", "", "C", 62.99, 62.99, 31.5, 270],
		[59, "R2_1", -857.1, 4995, "T", "DIP", "U2_14", "", "C", 51.18, 51.18, 27.56, 0],
		[60, "R2_1", -857.1, 4995, "B", "DIP", "U2_14", "", "C", 51.18, 51.18, 27.56, 0],
		[61, "R2_2", -463.4, 4995, "T", "DIP", "D11_1", "", "C", 51.18, 51.18, 27.56, 180],
		[62, "R2_2", -463.4, 4995, "B", "DIP", "D11_1", "", "C", 51.18, 51.18, 27.56, 180],
		[63, "R3_1", -240, 2431.85, "T", "DIP", "GND", "GND", "C", 51.18, 51.18, 27.56, 270],
		[64, "R3_1", -240, 2431.85, "B", "DIP", "GND", "GND", "C", 51.18, 51.18, 27.56, 270],
		[65, "R3_2", -240, 2038.15, "T", "DIP", "D1_2", "", "C", 51.18, 51.18, 27.56, 90],
		[66, "R3_2", -240, 2038.15, "B", "DIP", "D1_2", "", "C", 51.18, 51.18, 27.56, 90],
		[67, "S1_1", -145, 736.26, "T", "DIP", "S1_1", "", "O", 62.99, 51.18, 39.3, 270],
		[68, "S1_1", -145, 736.26, "B", "DIP", "S1_1", "", "O", 62.99, 51.18, 39.3, 270],
		[69, "S1_2", -145, 815, "T", "DIP", "S1_2", "", "O", 62.99, 51.18, 39.4, 270],
		[70, "S1_2", -145, 815, "B", "DIP", "S1_2", "", "O", 62.99, 51.18, 39.4, 270],
		[71, "S1_3", -145, 893.74, "T", "DIP", "VCC", "", "O", 62.99, 51.18, 39.4, 270],
		[72, "S1_3", -145, 893.74, "B", "DIP", "VCC", "", "O", 62.99, 51.18, 39.4, 270],
		[73, "S1_4", -145, 649.63, "T", "DIP", "S1_4", "", "O", 118.11, 78.74, 70.87, 0],
		[74, "S1_4", -145, 649.63, "B", "DIP", "S1_4", "", "O", 118.11, 78.74, 70.87, 0],
		[75, "S1_5", -145, 980.38, "T", "DIP", "S1_5", "", "O", 118.11, 78.74, 70.87, 0],
		[76, "S1_5", -145, 980.38, "B", "DIP", "S1_5", "", "O", 118.11, 78.74, 70.87, 0],
		[77, "U1_1", -854.96, 1634.49, "T", "DIP", "GND", "GND", "R", 63, 63, 39.37, 0],
		[78, "U1_1", -854.96, 1634.49, "B", "DIP", "GND", "GND", "R", 63, 63, 39.37, 0],
		[79, "U1_2", -754.96, 1634.49, "T", "DIP", "C1_1", "", "C", 63, 63, 39.37, 0],
		[80, "U1_2", -754.96, 1634.49, "B", "DIP", "C1_1", "", "C", 63, 63, 39.37, 0],
		[81, "U1_3", -654.96, 1634.49, "T", "DIP", "U2_14", "", "C", 63, 63, 39.37, 0],
		[82, "U1_3", -654.96, 1634.49, "B", "DIP", "U2_14", "", "C", 63, 63, 39.37, 0],
		[83, "U1_4", -554.96, 1634.49, "T", "DIP", "VCC", "", "C", 63, 63, 39.37, 0],
		[84, "U1_4", -554.96, 1634.49, "B", "DIP", "VCC", "", "C", 63, 63, 39.37, 0],
		[85, "U1_5", -554.96, 1934.49, "T", "DIP", "U1_5", "", "C", 63, 63, 39.37, 0],
		[86, "U1_5", -554.96, 1934.49, "B", "DIP", "U1_5", "", "C", 63, 63, 39.37, 0],
		[87, "U1_6", -654.96, 1934.49, "T", "DIP", "C1_1", "", "C", 63, 63, 39.37, 0],
		[88, "U1_6", -654.96, 1934.49, "B", "DIP", "C1_1", "", "C", 63, 63, 39.37, 0],
		[89, "U1_7", -754.96, 1934.49, "T", "DIP", "U1_7", "", "C", 63, 63, 39.37, 0],
		[90, "U1_7", -754.96, 1934.49, "B", "DIP", "U1_7", "", "C", 63, 63, 39.37, 0],
		[91, "U1_8", -854.96, 1934.49, "T", "DIP", "VCC", "", "C", 63, 63, 39.37, 0],
		[92, "U1_8", -854.96, 1934.49, "B", "DIP", "VCC", "", "C", 63, 63, 39.37, 0],
		[93, "U2_1", -1095, 2080, "T", "DIP", "U2_1", "", "R", 78.74, 59.05, 35.43, 90],
		[94, "U2_1", -1095, 2080, "B", "DIP", "U2_1", "", "R", 78.74, 59.05, 35.43, 90],
		[95, "U2_2", -995, 2080, "T", "DIP", "U2_2", "", "O", 78.74, 59.05, 35.43, 90],
		[96, "U2_2", -995, 2080, "B", "DIP", "U2_2", "", "O", 78.74, 59.05, 35.43, 90],
		[97, "U2_3", -895, 2080, "T", "DIP", "U2_3", "", "O", 78.74, 59.05, 35.43, 90],
		[98, "U2_3", -895, 2080, "B", "DIP", "U2_3", "", "O", 78.74, 59.05, 35.43, 90],
		[99, "U2_4", -795, 2080, "T", "DIP", "U2_4", "", "O", 78.74, 59.05, 35.43, 90],
		[100, "U2_4", -795, 2080, "B", "DIP", "U2_4", "", "O", 78.74, 59.05, 35.43, 90],
		[101, "U2_5", -695, 2080, "T", "DIP", "U2_5", "", "O", 78.74, 59.05, 35.43, 90],
		[102, "U2_5", -695, 2080, "B", "DIP", "U2_5", "", "O", 78.74, 59.05, 35.43, 90],
		[103, "U2_6", -595, 2080, "T", "DIP", "U2_6", "", "O", 78.74, 59.05, 35.43, 90],
		[104, "U2_6", -595, 2080, "B", "DIP", "U2_6", "", "O", 78.74, 59.05, 35.43, 90],
		[105, "U2_7", -495, 2080, "T", "DIP", "U2_7", "", "O", 78.74, 59.05, 35.43, 90],
		[106, "U2_7", -495, 2080, "B", "DIP", "U2_7", "", "O", 78.74, 59.05, 35.43, 90],
		[107, "U2_8", -395, 2080, "T", "DIP", "GND", "GND", "O", 78.74, 59.05, 35.43, 90],
		[108, "U2_8", -395, 2080, "B", "DIP", "GND", "GND", "O", 78.74, 59.05, 35.43, 90],
		[109, "U2_9", -395, 2380, "T", "DIP", "U2_9", "", "O", 78.74, 59.05, 35.43, 90],
		[110, "U2_9", -395, 2380, "B", "DIP", "U2_9", "", "O", 78.74, 59.05, 35.43, 90],
		[111, "U2_10", -495, 2380, "T", "DIP", "U2_10", "", "O", 78.74, 59.05, 35.43, 90],
		[112, "U2_10", -495, 2380, "B", "DIP", "U2_10", "", "O", 78.74, 59.05, 35.43, 90],
		[113, "U2_11", -595, 2380, "T", "DIP", "U2_11", "", "O", 78.74, 59.05, 35.43, 90],
		[114, "U2_11", -595, 2380, "B", "DIP", "U2_11", "", "O", 78.74, 59.05, 35.43, 90],
		[115, "U2_12", -695, 2380, "T", "DIP", "U2_12", "", "O", 78.74, 59.05, 35.43, 90],
		[116, "U2_12", -695, 2380, "B", "DIP", "U2_12", "", "O", 78.74, 59.05, 35.43, 90],
		[117, "U2_13", -795, 2380, "T", "DIP", "GND", "GND", "O", 78.74, 59.05, 35.43, 90],
		[118, "U2_13", -795, 2380, "B", "DIP", "GND", "GND", "O", 78.74, 59.05, 35.43, 90],
		[119, "U2_14", -895, 2380, "T", "DIP", "U2_14", "", "O", 78.74, 59.05, 35.43, 90],
		[120, "U2_14", -895, 2380, "B", "DIP", "U2_14", "", "O", 78.74, 59.05, 35.43, 90],
		[121, "U2_15", -995, 2380, "T", "DIP", "GND", "GND", "O", 78.74, 59.05, 35.43, 90],
		[122, "U2_15", -995, 2380, "B", "DIP", "GND", "GND", "O", 78.74, 59.05, 35.43, 90],
		[123, "U2_16", -1095, 2380, "T", "DIP", "VCC", "", "O", 78.74, 59.05, 35.43, 90],
		[124, "U2_16", -1095, 2380, "B", "DIP", "VCC", "", "O", 78.74, 59.05, 35.43, 90]
	]
}
}